GamePk,PitcherId,BatterId,PitchType,PitchCall,is_swing,is_whiff,is_bip,is_hit,ReleaseSpeed,ReleaseExtension
1,11,19,CH,called_strike,0,0,0,0,84.68494254,6.333190441
1,11,19,CU,ball,0,0,0,0,79.19788725,6.180108547
1,11,19,SL,field_out,1,0,1,0,87.41969296,6.456010818
1,11,24,SI,ball,0,0,0,0,93.1132495,6.374739647
1,11,24,CU,swinging_strike,1,1,0,0,82.37546932,6.449741364
1,11,24,SI,single,1,0,1,1,91.76295957,6.358619213
1,11,21,CH,ball,0,0,0,0,86.65874035,6.418846607
1,11,21,CH,called_strike,0,0,0,0,85.79095865,6.305537224
1,11,21,,pickoff_attempt_1b,0,0,0,0,,
1,11,21,SL,ball,0,0,0,0,87.38530809,6.369078636
1,11,21,CH,ball,0,0,0,0,85.54019005,6.506008148
1,11,21,SI,walk,0,0,0,0,92.66592939,6.263070583
1,1,20,FF,ball,0,0,0,0,93.82717354,6.051883221
1,13,29,FF,ball,0,0,0,0,95.87507575,6.780926704
1,11,4,CU,ball,0,0,0,0,81.40592193,6.402186394
1,12,1,FF,called_strike,0,0,0,0,99.68215484,6.441940308
1,11,4,CU,foul,1,0,0,0,82.21663704,6.301951885
1,11,4,CU,blocked_ball,0,0,0,0,83.48548548,6.405917168
1,11,4,SL,foul,1,0,0,0,89.48593137,6.595198631
1,13,29,FF,ball,0,0,0,0,95.28895364,6.596162319
1,11,13,SI,ball,0,0,0,0,92.12782605,6.352552891
1,11,13,CU,ball,0,0,0,0,80.54668786,6.185429096
1,11,13,SL,ball,0,0,0,0,90.79965311,6.269283772
1,11,13,SI,field_out,1,0,1,0,92.84667889,6.594929695
1,1,20,FF,ball,0,0,0,0,95.058707,5.904175282
1,13,29,FF,foul,1,0,0,0,94.49036987,6.67677927
1,12,24,FF,swinging_strike,1,1,0,0,100.0145138,6.188532352
1,1,20,FC,foul,1,0,0,0,93.04846527,6.214771748
1,1,20,CH,foul,1,0,0,0,87.52360621,6.333658218
1,12,21,FF,ball,0,0,0,0,100.460295,6.368047237
1,1,33,FF,ball,0,0,0,0,95.25277521,6.003546238
1,1,33,SL,swinging_strike,1,1,0,0,88.08698421,5.962734699
1,1,7,FF,foul_tip,0,0,0,0,94.38628183,6.147255898
1,1,33,CH,strikeout,0,0,0,0,89.13403723,6.240233421
1,14,36,FF,ball,0,0,0,0,95.72113239,6.477461338
1,1,29,CH,called_strike,0,0,0,0,88.21184103,6.122935295
1,11,4,FF,called_strike,0,0,0,0,92.33781587,6.37815237
1,1,28,FF,foul,1,0,0,0,93.9622447,6.190179348
1,11,14,CU,double,1,0,1,1,80.24233103,5.985205173
1,11,18,SI,ball,0,0,0,0,92.49505871,6.336863518
1,11,18,CH,ball,0,0,0,0,85.79579177,6.161323547
1,11,18,CH,called_strike,0,0,0,0,87.33456803,6.223362446
1,1,20,FF,called_strike,0,0,0,0,93.46402433,6.095956326
1,11,18,CU,single,1,0,1,1,81.04898185,6.29107666
1,11,34,SI,ball,0,0,0,0,93.02635323,6.451040268
1,11,34,,pickoff_attempt_1b,0,0,0,0,,
1,11,34,SL,called_strike,0,0,0,0,89.16034298,6.453980923
1,11,34,SL,ball,0,0,0,0,89.0861328,6.68103981
1,11,34,SI,single,1,0,1,1,92.13368105,6.357704639
1,1,20,FF,foul,1,0,0,0,95.37200677,6.127133369
1,1,29,FF,ball,0,0,0,0,95.43974674,6.113871574
1,12,4,FF,ball,0,0,0,0,98.13805019,6.015660763
1,11,2,CU,ball,0,0,0,0,82.1932874,6.36563158
1,11,2,CU,stolen_base_3b,0,0,0,0,82.45508524,6.177306652
1,11,2,CU,strikeout,0,0,0,0,81.62117388,6.613440037
1,13,29,FF,field_out,1,0,1,0,93.79760763,6.731603146
1,1,29,FF,called_strike,0,0,0,0,95.60479027,6.171264172
1,11,19,CU,strikeout,0,0,0,0,83.35790563,6.353938103
1,11,24,CU,ball,0,0,0,0,82.6872877,6.186812878
1,11,24,CU,single,1,0,1,1,82.23091344,6.220038414
1,11,21,SL,called_strike,0,0,0,0,89.89929866,6.516056061
1,13,29,FF,swinging_strike,1,1,0,0,95.55913521,6.634623051
1,11,18,FF,foul,1,0,0,0,92.74131011,6.468152046
1,1,17,CU,called_strike,0,0,0,0,77.14960133,6.073988438
1,1,17,SL,single,1,0,1,1,85.30830809,6.029607773
1,1,7,CU,blocked_ball,0,0,0,0,78.61931774,6.587638378
1,1,7,,pickoff_attempt_1b,0,0,0,0,,
1,13,17,FF,ball,0,0,0,0,94.83730845,6.968746185
1,13,17,FF,foul,1,0,0,0,94.84027238,6.651763916
1,1,7,SL,ball,0,0,0,0,86.35689902,6.166337013
1,1,7,CH,single,1,0,1,1,85.18562708,6.315116405
1,1,33,FF,field_out,1,0,1,0,94.21258889,6.301705837
1,1,20,FF,foul,1,0,0,0,94.98900633,6.1298666
1,1,30,FC,foul,1,0,0,0,90.68122358,6.101465225
1,1,30,CH,double,1,0,1,1,88.59135445,6.248334885
1,1,28,SL,called_strike,0,0,0,0,88.00336163,6.094756126
1,1,28,SL,swinging_strike,1,1,0,0,85.29584882,6.128644943
1,1,17,FF,ball,0,0,0,0,96.79451649,6.332924366
1,1,28,CU,blocked_ball,0,0,0,0,80.87165436,6.35961771
1,14,26,FF,ball,0,0,0,0,91.14608519,6.42407465
1,1,28,SL,strikeout,0,0,0,0,88.168647,6.139477253
1,1,27,CU,ball,0,0,0,0,77.09656611,6.183982849
1,1,27,FC,field_out,1,0,1,0,90.41196145,6.02067852
1,1,33,FF,foul,1,0,0,0,94.52348449,6.174583435
1,1,23,FC,foul_tip,0,0,0,0,90.76963045,6.136384487
1,1,30,FF,ball,0,0,0,0,94.12897879,5.937747955
1,1,20,CU,called_strike,0,0,0,0,78.27024419,6.384969711
1,13,29,FF,ball,0,0,0,0,95.20419982,6.736839771
1,11,4,CU,ball,0,0,0,0,81.32776685,6.381492615
1,11,4,CH,ball,0,0,0,0,84.8988224,6.320458889
1,11,18,FF,ball,0,0,0,0,90.36842949,6.566829681
1,11,4,CH,called_strike,0,0,0,0,87.92109119,6.310323238
1,11,4,SI,field_out,1,0,1,0,93.70127824,6.429272175
1,11,13,CU,ball,0,0,0,0,82.07117692,6.348654747
1,11,13,SI,foul,1,0,0,0,93.25348827,6.334180832
1,11,13,SI,ball,0,0,0,0,93.5086183,6.069680691
1,11,13,CU,field_out,1,0,1,0,81.33685217,6.370183945
1,11,14,CH,ball,0,0,0,0,85.69089536,6.225316525
1,1,23,FF,walk,0,0,0,0,96.50520644,6.275382519
1,11,14,CU,swinging_strike,1,1,0,0,82.81036373,6.484190941
1,11,14,CU,foul,1,0,0,0,82.15715098,6.366877556
1,11,14,SL,strikeout,0,0,0,0,89.57669493,6.369538784
1,1,33,SL,ball,0,0,0,0,85.78697664,6.062317371
1,11,18,FF,called_strike,0,0,0,0,94.2822548,6.534114361
1,1,33,CH,called_strike,0,0,0,0,83.32034561,6.259032249
1,1,33,SL,foul,1,0,0,0,84.98479775,6.025639534
1,1,33,FF,called_strike,0,0,0,0,92.09669372,6.069161892
1,1,33,CH,ball,0,0,0,0,82.27594201,6.332020283
1,1,33,SL,ball,0,0,0,0,88.78096608,6.074628353
1,1,17,FF,foul,1,0,0,0,94.74023528,6.008993626
1,1,29,CU,ball,0,0,0,0,77.33866991,6.137601376
1,4,27,FF,field_out,1,0,1,0,93.2852489,5.817638397
1,1,29,CH,called_strike,0,0,0,0,85.71574442,6.309113503
1,1,29,FC,strikeout,0,0,0,0,88.84487787,6.16502142
1,1,17,SL,foul,1,0,0,0,85.60542596,6.103783131
1,1,20,FF,field_out,1,0,1,0,93.44715468,6.069983482
1,1,17,CH,foul,1,0,0,0,85.5800192,6.213848591
1,1,23,FF,single,1,0,1,1,95.19041815,6.0817976
1,1,17,CU,foul,1,0,0,0,79.10753385,7.013655186
1,1,17,CH,field_out,1,0,1,0,86.7775476,6.517485619
1,1,7,FF,called_strike,0,0,0,0,96.22142669,6.054954529
1,11,18,CH,foul,1,0,0,0,84.13818494,6.258162975
1,11,18,CU,ball,0,0,0,0,83.19890482,6.357913017
1,11,18,SI,foul,1,0,0,0,95.48069476,6.476996422
1,11,18,CU,foul,1,0,0,0,81.78089494,6.316200733
1,11,18,SL,ball,0,0,0,0,86.0173851,6.413983822
1,11,18,CU,strikeout,0,0,0,0,83.55429814,6.373155117
1,11,34,CU,called_strike,0,0,0,0,81.67609493,6.337405682
1,11,34,SI,foul,1,0,0,0,90.6526411,6.450995922
1,11,34,CU,single,1,0,1,1,86.23505874,6.489100456
1,1,30,FF,ball,0,0,0,0,96.89070979,6.193430424
1,12,34,FF,swinging_strike,1,1,0,0,100.6862738,6.28943491
1,1,30,FF,called_strike,0,0,0,0,94.04781803,6.099351883
1,11,19,CU,blocked_ball,0,0,0,0,83.96165764,6.650072098
1,11,19,CU,ball,0,0,0,0,81.95896459,6.321700096
1,11,2,FF,foul_bunt,0,0,0,0,92.74531413,6.718064785
1,1,17,FF,strikeout,0,0,0,0,96.39820845,6.303137779
1,11,19,CU,foul_tip,0,0,0,0,81.33734823,6.287350178
1,11,19,SI,field_out,1,0,1,0,94.55200949,6.414705753
1,1,7,SL,swinging_strike,1,1,0,0,85.79325196,6.002086163
1,1,17,FF,swinging_strike,1,1,0,0,95.93196756,6.179235935
1,1,7,CU,ball,0,0,0,0,76.6471113,6.54021883
1,1,7,CH,field_out,1,0,1,0,86.80707196,6.489197731
1,1,30,FC,ball,0,0,0,0,90.98791639,6.176263332
1,11,14,FF,foul,1,0,0,0,94.71657551,6.582430363
1,1,33,FF,foul,1,0,0,0,94.989034,6.196115017
1,1,30,FC,ball,0,0,0,0,92.92835012,6.185225964
1,1,30,CU,foul,1,0,0,0,77.83001508,6.342326641
1,11,4,FF,field_out,1,0,1,0,95.76242686,6.508244991
1,1,28,CU,ball,0,0,0,0,75.33300296,6.263997555
1,14,26,FF,foul,1,0,0,0,91.83516078,6.563550949
1,1,28,,pickoff_attempt_1b,0,0,0,0,,
1,1,28,CU,ball,0,0,0,0,75.28021846,6.122702122
1,1,33,FF,called_strike,0,0,0,0,94.51413104,6.150387764
1,1,28,CH,strikeout,0,0,0,0,86.0511264,6.450227261
1,1,27,FC,foul,1,0,0,0,90.51882019,6.100687504
1,1,27,,pickoff_attempt_1b,0,0,0,0,,
1,1,27,CU,ball,0,0,0,0,77.17369344,6.190826416
1,1,27,CH,called_strike,0,0,0,0,85.57551437,6.275794983
1,1,27,CH,field_out,1,0,1,0,85.60373746,6.346374512
1,11,24,SI,ball,0,0,0,0,91.72161555,6.424334526
1,11,24,SI,foul,1,0,0,0,92.23980162,6.401865959
1,11,24,SI,single,1,0,1,1,93.01489672,6.511330605
1,11,21,SL,called_strike,0,0,0,0,84.27951561,6.525794983
1,11,21,CH,single,1,0,1,1,88.63631138,6.349535465
1,1,29,FF,foul,1,0,0,0,94.93641768,6.096284389
1,11,13,SI,ball,0,0,0,0,93.28228961,6.516952515
1,11,13,SI,called_strike,0,0,0,0,94.48282571,6.46942234
1,11,13,SI,foul,1,0,0,0,93.91852824,6.445833206
1,11,13,CU,grounded_into_double_play,1,0,1,0,84.26048978,6.485173702
1,1,23,FC,foul_bunt,0,0,0,0,92.87590254,5.992085457
1,1,23,CU,swinging_strike,1,1,0,0,73.47314568,6.234434605
1,1,23,SL,ball,0,0,0,0,88.15963862,6.126680851
1,1,23,CH,ball,0,0,0,0,84.98691208,6.370147705
1,1,23,FC,foul,1,0,0,0,93.45301537,6.089828968
1,1,23,CU,ball,0,0,0,0,76.65027311,6.158673286
1,14,34,FF,ball,0,0,0,0,95.35486352,6.409547329
1,1,20,FC,ball,0,0,0,0,88.79754243,6.124595165
1,11,4,FF,field_out,1,0,1,0,95.41697757,6.5502038
1,1,20,CU,ball,0,0,0,0,75.41668979,6.254805565
1,1,30,FF,single,1,0,1,1,95.4185319,6.198092461
1,1,20,CH,ball,0,0,0,0,85.09484092,6.381896973
1,1,20,FC,home_run,1,0,1,1,92.10978039,6.108098984
1,1,33,SL,ball,0,0,0,0,84.17435954,6.17252779
1,11,19,FF,swinging_strike,1,1,0,0,94.24746865,6.545841694
1,1,33,CH,field_out,1,0,1,0,85.93344593,6.354883194
1,1,29,CH,swinging_strike,1,1,0,0,85.95626345,6.333617687
1,1,17,FF,foul,1,0,0,0,96.66066797,6.225102901
1,11,4,FF,swinging_strike,1,1,0,0,93.05775075,6.548260689
1,1,29,SL,strikeout,0,0,0,0,88.64136745,6.001937389
1,14,26,FF,force_out,1,0,1,0,92.97687335,6.130392075
1,1,17,CH,foul,1,0,0,0,86.06021124,6.436603069
1,1,17,FF,ball,0,0,0,0,94.33405975,6.298168659
1,1,17,SL,called_strike,0,0,0,0,87.69621761,6.163341999
1,1,30,FF,foul,1,0,0,0,94.02239195,6.215947151
1,1,29,FF,foul,1,0,0,0,96.27174144,5.994576931
1,11,14,SL,ball,0,0,0,0,88.70981712,6.174408913
1,11,14,CU,foul,1,0,0,0,81.19126661,6.298645496
1,11,2,FF,swinging_strike,1,1,0,0,94.50261271,6.637052059
1,1,20,FF,field_out,1,0,1,0,96.2207504,6.288083553
1,11,18,CU,foul_tip,0,0,0,0,84.59423867,6.364766121
1,13,17,FF,field_out,1,0,1,0,95.34274503,6.736284733
1,11,34,SI,foul,1,0,0,0,93.66535167,6.520130157
1,11,34,SI,field_out,1,0,1,0,93.44907337,6.30693388
1,6,7,KC,ball,0,0,0,0,86.80076891,5.990089893
1,14,36,FF,field_out,1,0,1,0,92.69396155,6.281682491
1,6,7,KC,called_strike,0,0,0,0,87.03933079,5.827423096
1,6,7,KC,foul,1,0,0,0,87.74837459,5.661074162
1,6,7,CH,strikeout,0,0,0,0,89.65200143,5.927622795
1,6,30,KC,called_strike,0,0,0,0,88.15665371,5.750000477
1,6,30,KC,ball,0,0,0,0,88.8695962,5.912644386
1,6,30,KC,ball,0,0,0,0,89.01853773,5.766923904
1,1,28,FF,foul,1,0,0,0,96.33540522,6.085914135
1,6,30,KC,foul,1,0,0,0,86.9937118,5.838986874
1,6,30,CH,strikeout,0,0,0,0,89.06155824,5.915890217
1,6,28,KC,called_strike,0,0,0,0,91.04418776,5.911900997
1,12,19,FF,single,1,0,1,1,100.0550628,6.388442993
1,11,19,FF,called_strike,0,0,0,0,94.38936682,6.605132103
1,11,2,FF,ball,0,0,0,0,92.69359047,6.575784683
1,1,28,FF,foul,1,0,0,0,94.71476003,6.099975109
1,2,22,SL,ball,0,0,0,0,86.65594118,5.535353661
1,2,22,SL,foul,1,0,0,0,89.64440783,5.940623283
1,2,22,SL,strikeout,0,0,0,0,88.68997818,6.12762022
1,2,19,SI,called_strike,0,0,0,0,97.84346499,5.992102146
1,2,19,CH,ball,0,0,0,0,91.91014841,6.159375668
1,2,19,CH,called_strike,0,0,0,0,90.03831944,6.023671627
1,2,19,SL,strikeout,0,0,0,0,90.66870097,6.043872833
1,2,24,CH,field_out,1,0,1,0,90.27020282,6.06055212
1,11,19,FF,ball,0,0,0,0,92.77388983,6.46134758
1,4,35,FC,ball,0,0,0,0,88.31831344,5.847468853
1,4,35,FC,called_strike,0,0,0,0,89.26682086,5.908329487
1,4,35,CH,ball,0,0,0,0,85.26800956,5.666042805
1,4,35,FC,ball,0,0,0,0,88.42788592,6.02658844
1,4,35,FC,foul,1,0,0,0,89.98391409,5.880727291
1,4,35,CH,walk,0,0,0,0,86.30081231,5.794250965
1,11,14,FF,field_out,1,0,1,0,94.34832928,6.570901394
1,11,2,FF,foul_bunt,0,0,0,0,92.85734072,6.444399834
1,4,33,,pickoff_attempt_1b,0,0,0,0,,
1,4,33,CH,ball,0,0,0,0,87.31807444,5.644583225
1,14,36,FF,called_strike,0,0,0,0,92.17996786,6.469892502
1,4,33,,pickoff_attempt_1b,0,0,0,0,,
1,4,33,CH,field_out,1,0,1,0,83.40278405,5.771271229
1,5,21,SL,swinging_strike,1,1,0,0,91.61001406,5.956896782
1,5,21,SI,single,1,0,1,1,94.34368698,5.950937748
1,5,4,SI,called_strike,0,0,0,0,95.21906544,5.99291563
1,5,4,CU,ball,0,0,0,0,81.70337841,5.862627983
1,5,4,CU,foul,1,0,0,0,83.35072908,6.075750351
1,5,4,,pickoff_attempt_1b,0,0,0,0,,
1,5,4,,pickoff_attempt_1b,0,0,0,0,,
1,5,4,SL,ball,0,0,0,0,88.8461314,5.722299576
1,5,4,SL,foul,1,0,0,0,89.51681463,5.931263924
1,5,4,SL,field_out,1,0,1,0,92.37192192,5.924415112
1,5,13,SL,ball,0,0,0,0,85.6536803,5.94822979
1,5,13,,pickoff_attempt_1b,0,0,0,0,,
1,5,13,CU,ball,0,0,0,0,81.24942028,5.819820881
1,5,13,CU,stolen_base_2b,0,0,0,0,81.02413026,5.784132004
1,5,13,CU,called_strike,0,0,0,0,81.00668685,5.665228367
1,5,13,SL,field_out,1,0,1,0,89.48381276,5.848265648
1,5,14,SL,swinging_strike,1,1,0,0,89.62353829,5.740892887
1,5,14,CU,ball,0,0,0,0,85.89088367,6.079815865
1,5,14,SL,swinging_strike,1,1,0,0,91.13646638,6.051609516
1,1,17,FF,ball,0,0,0,0,97.83980243,6.243022442
1,5,14,SL,ball,0,0,0,0,92.19569623,6.10167408
1,5,14,CU,foul,1,0,0,0,83.15481939,5.970076084
1,5,14,SI,double,1,0,1,1,95.05909194,5.929733276
1,5,36,SL,blocked_ball,0,0,0,0,88.34693615,5.960891724
1,5,36,SL,ball,0,0,0,0,89.04357861,5.956037045
1,5,36,SL,ball,0,0,0,0,89.59121232,5.966114044
1,5,36,SL,called_strike,0,0,0,0,91.02415087,6.087255955
1,5,36,CU,foul,1,0,0,0,83.49496905,5.994314671
1,5,36,SL,field_out,1,0,1,0,91.45790799,5.954528332
1,1,29,FF,field_out,1,0,1,0,95.09732247,6.031304359
1,14,34,FF,walk,0,0,0,0,92.31314612,6.387747765
1,14,34,FF,ball,0,0,0,0,94.12328952,6.348565578
1,11,2,FF,foul_bunt,0,0,0,0,93.17170211,6.534907818
1,11,19,FF,foul,1,0,0,0,93.17044896,6.505777836
1,11,4,FF,called_strike,0,0,0,0,92.08944273,6.458216667
1,13,17,SL,ball,0,0,0,0,85.62984547,6.879920959
1,13,17,SL,called_strike,0,0,0,0,85.88969089,6.893969059
1,11,2,FF,strikeout,0,0,0,0,92.73913032,6.505671501
1,1,29,FF,foul,1,0,0,0,93.36966761,6.124074459
1,13,17,SL,ball,0,0,0,0,88.17152758,7.000087738
1,11,4,FF,foul,1,0,0,0,93.79334152,6.525542259
1,13,7,SL,swinging_strike,1,1,0,0,87.53401806,6.894953251
1,13,7,SL,ball,0,0,0,0,85.77853551,6.881469727
1,13,7,SL,single,1,0,1,1,86.59418028,6.79800272
1,16,30,FC,ball,0,0,0,0,88.54814274,6.300104141
1,16,30,FC,called_strike,0,0,0,0,89.07394643,6.531479359
1,16,30,SL,ball,0,0,0,0,82.28335174,6.542711735
1,16,30,FC,single,1,0,1,1,90.15502309,6.692305565
1,16,28,SI,foul_tip,0,0,0,0,91.85292046,6.599428654
1,16,28,SI,wild_pitch,0,0,0,0,94.15746421,6.7207551
1,16,28,SL,swinging_strike,1,1,0,0,82.32380466,6.673054695
1,16,28,SI,ball,0,0,0,0,94.78293719,6.504853725
1,16,28,SL,blocked_ball,0,0,0,0,82.26811225,6.771755695
1,16,28,SI,foul,1,0,0,0,94.49671117,6.854159355
1,16,28,SL,strikeout,0,0,0,0,82.58105377,6.719199657
1,12,34,CH,called_strike,0,0,0,0,89.35683608,6.09031868
1,12,34,CH,ball,0,0,0,0,90.52002705,6.263315201
1,5,14,FF,foul,1,0,0,0,96.85564718,6.116412163
1,12,34,CH,ball,0,0,0,0,91.14898015,6.410293579
1,12,34,CH,strikeout,0,0,0,0,89.97249434,6.309666634
1,1,23,FF,ball,0,0,0,0,94.76060406,6.156591892
1,12,1,SL,swinging_strike,1,1,0,0,87.67264461,6.200029373
1,12,1,SL,field_out,1,0,1,0,91.77804155,6.129749775
1,11,18,FF,field_out,1,0,1,0,93.4048557,6.33645153
1,12,24,CH,ball,0,0,0,0,91.00564905,6.467859268
1,1,28,FF,ball,0,0,0,0,96.10693654,6.159380913
1,12,24,CH,called_strike,0,0,0,0,90.64356058,6.384654522
1,12,24,CH,foul,1,0,0,0,92.75043958,6.353468895
1,12,24,CH,single,1,0,1,1,91.85913267,6.326161861
1,12,21,SL,ball,0,0,0,0,89.52998726,6.134654999
1,12,21,SL,foul,1,0,0,0,89.87682859,6.222550869
1,1,7,FF,called_strike,0,0,0,0,94.58144205,6.078081131
1,12,21,SL,single,1,0,1,1,89.1864205,6.190328598
1,8,29,FF,field_out,1,0,1,0,98.38415284,5.572178841
1,12,4,CH,field_out,1,0,1,0,89.49710891,6.520928383
1,3,3,FC,called_strike,0,0,0,0,93.90797453,6.944993973
1,3,3,FC,single,1,0,1,1,94.92293474,7.134479046
1,3,9,,pickoff_attempt_1b,0,0,0,0,,
1,3,9,FC,ball,0,0,0,0,92.00393181,6.83872509
1,3,9,FC,foul_tip,0,0,0,0,93.36555962,7.213459969
1,3,9,FC,ball,0,0,0,0,93.4827306,7.274719715
1,3,9,SI,foul,1,0,0,0,93.73689308,7.373862743
1,3,9,SL,ball,0,0,0,0,82.98854746,7.072234154
1,3,9,FC,strikeout,0,0,0,0,94.32988385,7.039181232
1,3,20,,pickoff_attempt_1b,0,0,0,0,,
1,3,20,,pickoff_attempt_1b,0,0,0,0,,
1,3,20,FC,ball,0,0,0,0,92.63047392,7.227175713
1,3,20,FC,field_out,1,0,1,0,94.65070923,7.181846142
1,3,33,FC,foul,1,0,0,0,95.70600133,6.975332737
1,3,33,FC,ball,0,0,0,0,97.59722663,6.899242878
1,3,33,FC,ball,0,0,0,0,94.47701557,6.981946468
1,3,33,FC,foul,1,0,0,0,95.7515639,7.260205746
1,3,33,SL,strikeout,0,0,0,0,84.56053324,7.251901627
1,14,13,SL,home_run,1,0,1,1,79.69030792,6.226204395
1,14,14,FF,field_out,1,0,1,0,94.11691065,6.289365768
1,14,34,FF,ball,0,0,0,0,92.96105331,6.465135098
1,4,33,FF,ball,0,0,0,0,90.97796729,5.99051857
1,14,36,SL,ball,0,0,0,0,83.27966831,6.318628788
1,4,20,FF,called_strike,0,0,0,0,94.5317006,6.10255146
1,14,34,FF,foul,1,0,0,0,92.03881632,6.364366531
1,2,22,FF,foul,1,0,0,0,99.02834811,6.019861698
1,2,22,FF,foul,1,0,0,0,98.99405738,5.795464993
1,6,28,FF,field_out,1,0,1,0,99.69214522,5.868690968
1,11,21,FF,field_out,1,0,1,0,93.59021966,6.593269825
1,6,30,FF,ball,0,0,0,0,100.1030494,5.604265213
1,4,20,FF,force_out,1,0,1,0,92.04568526,5.87265873
1,14,26,,pickoff_attempt_1b,0,0,0,0,,
1,14,26,,pickoff_attempt_1b,0,0,0,0,,
1,6,7,FF,ball,0,0,0,0,96.231713,5.911659241
1,6,28,FF,called_strike,0,0,0,0,101.624039,5.969126225
1,8,17,SI,ball,0,0,0,0,99.38912175,5.505644321
1,8,17,SI,ball,0,0,0,0,99.22858452,5.568830967
1,8,17,SI,ball,0,0,0,0,98.024553,5.522788048
1,8,17,FC,walk,0,0,0,0,95.32519294,5.461967945
1,8,7,,pickoff_attempt_1b,0,0,0,0,,
1,8,7,SI,ball,0,0,0,0,97.88292229,5.510385036
1,8,7,,pickoff_attempt_1b,0,0,0,0,,
1,8,7,SL,blocked_ball,0,0,0,0,87.02068694,5.534218788
1,8,7,SI,grounded_into_double_play,1,0,1,0,97.60056071,5.525490761
2,7,19,FF,ball,0,0,0,0,95.82955881,6.505908966
2,7,19,FF,field_out,1,0,1,0,96.01395334,6.415337086
2,7,24,FF,ball,0,0,0,0,95.90047306,6.567461491
2,7,24,FF,ball,0,0,0,0,94.48461487,6.379841805
2,7,24,FF,foul,1,0,0,0,92.30566164,6.469217777
2,7,24,CU,ball,0,0,0,0,79.73083699,6.168703079
2,7,24,FF,field_out,1,0,1,0,94.65976311,6.401722431
2,7,21,FC,ball,0,0,0,0,88.92663066,6.392545223
2,7,21,FC,ball,0,0,0,0,87.32074007,6.349709034
2,7,21,SI,foul_tip,0,0,0,0,95.39233598,6.523098469
2,7,21,SI,field_out,1,0,1,0,94.6635549,6.419671535
2,1,11,FF,field_out,1,0,1,0,95.4025708,6.066511154
2,1,11,FF,ball,0,0,0,0,93.93094615,6.232195854
2,1,6,FF,field_out,1,0,1,0,96.85357206,6.158536434
2,1,5,FF,called_strike,0,0,0,0,95.05801565,5.990053177
2,1,8,FF,foul,1,0,0,0,96.62087674,6.100989342
2,1,5,FF,called_strike,0,0,0,0,95.07111801,5.970777512
2,1,31,FF,called_strike,0,0,0,0,94.48936046,6.03869915
2,1,11,FF,called_strike,0,0,0,0,95.69849151,6.040560722
2,1,25,FF,foul,1,0,0,0,95.3801604,6.076531887
2,1,6,FF,foul,1,0,0,0,98.43191749,6.082715988
2,1,6,FF,swinging_strike,1,1,0,0,95.27748592,6.168174744
2,1,5,FF,ball,0,0,0,0,95.17500391,6.052759171
2,1,31,FF,ball,0,0,0,0,96.18132396,6.01939106
2,1,11,FF,ball,0,0,0,0,96.08986209,6.06136322
2,1,11,FF,ball,0,0,0,0,96.34042464,6.176440239
2,7,13,FF,called_strike,0,0,0,0,93.57628805,6.487132072
2,7,13,CU,ball,0,0,0,0,79.16469487,6.42256403
2,7,13,CU,swinging_strike,1,1,0,0,80.59894496,6.347978592
2,7,13,CU,strikeout,0,0,0,0,81.41129557,6.337781429
2,7,4,SI,called_strike,0,0,0,0,94.2069403,6.51913023
2,7,4,SL,field_out,1,0,1,0,84.18275218,6.423877716
2,7,26,FC,ball,0,0,0,0,84.98463305,6.519969463
2,7,26,FC,field_out,1,0,1,0,85.60216122,6.367143631
2,1,31,FF,ball,0,0,0,0,95.88296606,6.113983154
2,1,8,FF,foul,1,0,0,0,96.86075594,6.087885857
2,1,25,FF,foul,1,0,0,0,97.23732555,5.977709293
2,1,6,FF,ball,0,0,0,0,95.27328021,6.08634901
2,1,31,FF,ball,0,0,0,0,96.63256122,6.409486771
2,1,12,FF,strikeout,0,0,0,0,96.85649626,6.13591814
2,1,8,FF,ball,0,0,0,0,92.24965142,6.169578552
2,1,8,FF,called_strike,0,0,0,0,92.65578319,6.04914093
2,1,31,FF,field_out,1,0,1,0,95.09744946,6.017137527
2,1,31,FF,foul,1,0,0,0,95.79330098,6.071534157
2,1,31,FF,ball,0,0,0,0,96.38559302,6.278022766
2,1,5,FF,foul,1,0,0,0,94.24913522,6.147651672
2,1,31,FF,ball,0,0,0,0,94.15964368,6.086562157
2,1,31,FF,strikeout,0,0,0,0,96.45867298,7.347102642
2,1,6,FF,foul,1,0,0,0,96.08656529,6.108407974
2,1,16,FF,called_strike,0,0,0,0,93.25870793,5.938967228
2,1,25,FF,ball,0,0,0,0,96.87357408,6.141268253
2,1,5,FF,ball,0,0,0,0,92.77600526,5.961294174
2,7,34,FF,foul,1,0,0,0,93.48778656,6.519610882
2,7,34,FF,field_out,1,0,1,0,93.23741206,6.354936123
2,7,18,FC,ball,0,0,0,0,84.46362522,6.485435486
2,7,18,FC,ball,0,0,0,0,86.93181124,6.485663414
2,7,18,FF,field_out,1,0,1,0,94.00505837,6.549554825
2,7,2,CU,called_strike,0,0,0,0,80.05913637,6.499269962
2,7,2,CU,field_out,1,0,1,0,78.63944134,6.425040245
2,1,5,FF,walk,0,0,0,0,91.50925435,5.979047298
2,1,31,FF,ball,0,0,0,0,95.7096403,5.931322575
2,1,15,FF,foul,1,0,0,0,97.69268243,6.121428013
2,1,15,FF,field_out,1,0,1,0,96.01838413,6.239919186
2,1,6,FF,field_out,1,0,1,0,95.20304799,6.03821373
2,1,5,FF,ball,0,0,0,0,95.54739732,5.916447163
2,1,8,FF,called_strike,0,0,0,0,96.57685244,6.121526718
2,1,12,FF,ball,0,0,0,0,94.29744451,6.202820778
2,1,12,FF,foul,1,0,0,0,94.12879076,6.180571556
2,1,25,FC,field_out,1,0,1,0,90.98249249,5.950638771
2,1,5,FC,ball,0,0,0,0,91.25231137,6.047593594
2,1,25,FC,foul,1,0,0,0,93.41675805,6.052866936
2,1,25,FC,foul,1,0,0,0,91.85081177,6.103640079
2,1,11,FC,strikeout,0,0,0,0,91.60306009,6.194647789
2,1,6,FC,blocked_ball,0,0,0,0,90.64014891,6.190832138
2,7,19,FC,called_strike,0,0,0,0,83.36491531,6.249382019
2,7,19,SL,swinging_strike,1,1,0,0,83.7751267,6.280376911
2,7,19,SL,ball,0,0,0,0,84.60068588,6.415369511
2,7,19,SL,strikeout,0,0,0,0,84.2381576,6.255403519
2,7,24,CU,ball,0,0,0,0,81.359081,6.221360207
2,7,24,CU,field_out,1,0,1,0,80.62447945,6.317219257
2,7,21,CU,single,1,0,1,1,81.18714691,6.376358032
2,7,13,FF,called_strike,0,0,0,0,94.5915788,6.498820782
2,7,13,SI,stolen_base_2b,0,0,0,0,93.78690395,6.526325226
2,7,13,CU,swinging_strike,1,1,0,0,81.48205412,6.304262161
2,7,13,CU,blocked_ball,0,0,0,0,80.79177855,6.60108614
2,7,13,SI,foul,1,0,0,0,95.7440322,6.560730934
2,7,13,SI,ball,0,0,0,0,93.84144404,6.49895525
2,7,13,FF,strikeout,0,0,0,0,94.5368043,6.502316952
2,1,11,FC,foul,1,0,0,0,92.62651158,6.091534615
2,1,15,SL,ball,0,0,0,0,88.05692954,6.199324608
2,1,11,FC,swinging_strike,1,1,0,0,93.59500492,6.106824398
2,1,5,CH,walk,0,0,0,0,87.11660358,6.262508392
2,1,12,SL,swinging_strike,1,1,0,0,86.25931028,5.98212862
2,1,5,FC,ball,0,0,0,0,91.3599797,6.027222633
2,1,12,SL,ball,0,0,0,0,87.77600249,5.930319786
2,1,6,FC,foul,1,0,0,0,93.44562348,5.965970039
2,1,12,SL,blocked_ball,0,0,0,0,85.96595402,6.192499638
2,1,8,SL,foul,1,0,0,0,86.81635501,6.007320881
2,1,12,SL,single,1,0,1,1,87.84586437,6.164134026
2,1,8,SL,swinging_strike,1,1,0,0,87.05282799,6.164011955
2,1,15,SL,ball,0,0,0,0,88.09793729,6.150091171
2,1,5,CH,field_out,1,0,1,0,88.78734972,6.384370804
2,1,31,SL,called_strike,0,0,0,0,86.5928691,6.033507347
2,1,15,SL,swinging_strike,1,1,0,0,88.04074471,6.130659103
2,1,16,SL,field_out,1,0,1,0,85.26685218,5.9665308
2,7,4,FC,called_strike,0,0,0,0,87.53670415,6.489320278
2,7,4,SL,double,1,0,1,1,83.36102834,6.400681973
2,7,26,SL,field_error,0,0,0,0,84.59308982,6.450763226
2,7,34,SL,triple,1,0,1,1,81.93750134,6.43348217
2,7,18,SL,foul,1,0,0,0,81.26782353,6.444152355
2,7,18,SI,ball,0,0,0,0,93.898234,6.611606598
2,7,18,SI,foul,1,0,0,0,92.91154592,6.449530125
2,7,18,CU,field_out,1,0,1,0,84.0710982,6.530747414
2,7,2,FF,ball,0,0,0,0,93.77812788,6.497168064
2,7,2,FF,ball,0,0,0,0,93.62333446,6.550046921
2,7,2,FF,foul,1,0,0,0,94.56470345,6.585470676
2,7,2,SI,swinging_strike,1,1,0,0,94.47842214,6.474669933
2,7,2,SI,strikeout,0,0,0,0,95.80844573,6.589031696
2,7,19,SI,called_strike,0,0,0,0,96.39681804,6.613652706
2,7,19,SI,foul,1,0,0,0,94.98812564,6.705752373
2,7,19,SL,field_error,0,0,0,0,83.51847953,6.372301579
2,7,24,FF,field_out,1,0,1,0,94.97595372,6.538849831
2,1,25,FF,foul,1,0,0,0,87.2965249,6.215474606
2,1,15,SL,ball,0,0,0,0,88.32972266,6.044099808
2,1,25,CH,ball,0,0,0,0,84.53575444,6.102778912
2,1,6,CH,blocked_ball,0,0,0,0,86.24386355,6.315449238
2,1,31,CH,foul,1,0,0,0,86.40475026,6.108050823
2,1,16,SL,field_out,1,0,1,0,88.31184549,6.076860428
2,1,11,CH,swinging_strike,1,1,0,0,86.27683299,6.469683647
2,1,15,SL,swinging_strike,1,1,0,0,88.96505476,6.045986652
2,1,15,FF,ball,0,0,0,0,85.91422167,6.267384052
2,1,12,SL,swinging_strike,1,1,0,0,88.28908168,6.199095249
2,1,6,CH,foul,1,0,0,0,85.96577707,6.198470592
2,1,31,SL,double,1,0,1,1,88.35374927,6.133545399
2,7,21,SI,single,1,0,1,1,94.78944282,6.52317667
2,7,13,,pickoff_attempt_1b,0,0,0,0,,
2,7,13,CU,blocked_ball,0,0,0,0,81.70731223,6.35529089
2,7,13,,pickoff_attempt_1b,0,0,0,0,,
2,7,13,FF,called_strike,0,0,0,0,94.29173393,6.47889328
2,7,13,SI,ball,0,0,0,0,91.93710936,6.54191494
2,7,13,SI,ball,0,0,0,0,92.84119084,6.544855595
2,7,13,SI,walk,0,0,0,0,91.7222991,6.475706577
2,7,4,SI,foul,1,0,0,0,95.91634009,6.505745888
2,7,4,SI,foul,1,0,0,0,92.53839482,6.47277832
2,7,4,FF,force_out,1,0,1,0,91.28922734,6.458954334
2,7,26,SI,sac_bunt,1,0,1,0,93.93464605,6.580793858
2,7,34,FF,ball,0,0,0,0,94.67522477,6.468401432
2,7,34,FF,ball,0,0,0,0,94.82677625,6.548276424
2,7,34,FC,foul,1,0,0,0,87.98626748,6.452259541
2,7,34,FF,ball,0,0,0,0,94.38971122,6.492803574
2,7,34,FC,walk,0,0,0,0,88.04944024,6.492143154
2,7,18,SL,swinging_strike,1,1,0,0,84.67624583,6.578164101
2,7,18,SL,swinging_strike_blocked,0,0,0,0,84.48042547,6.583976746
2,7,18,SI,strikeout,0,0,0,0,95.62202614,6.756225109
2,1,5,CH,ball,0,0,0,0,85.44700896,6.211310387
2,1,8,SL,strikeout,0,0,0,0,86.28973065,5.982990742
2,1,12,FF,foul,1,0,0,0,84.65965734,6.397374153
2,1,31,CH,ball,0,0,0,0,85.28352576,6.299145222
2,1,6,FF,ball,0,0,0,0,85.52263583,6.240151405
2,1,12,CH,field_out,1,0,1,0,86.93983919,6.299559116
2,1,25,CH,field_out,1,0,1,0,86.58012131,6.361046791
2,1,31,CU,foul,1,0,0,0,79.03105753,6.369194031
2,1,6,CU,strikeout,0,0,0,0,77.45166497,6.219442844
2,15,2,FF,foul,1,0,0,0,95.78858065,6.441900253
2,15,2,SL,ball,0,0,0,0,82.22421887,6.057560444
2,15,2,FF,ball,0,0,0,0,96.86755279,6.467529297
2,15,2,FF,foul,1,0,0,0,97.47585957,6.489552498
2,15,2,FF,strikeout,0,0,0,0,96.28227725,6.501377583
2,15,19,SL,ball,0,0,0,0,81.37367257,6.365248203
2,15,19,CH,swinging_strike,1,1,0,0,87.89229928,6.411508083
2,15,19,CH,foul,1,0,0,0,89.17697641,6.35380125
2,15,19,FF,ball,0,0,0,0,98.79374298,6.607139587
2,15,19,FF,strikeout,0,0,0,0,97.81140183,6.418642998
2,15,24,CH,called_strike,0,0,0,0,87.76144498,6.39619875
2,15,24,FF,ball,0,0,0,0,97.72505973,6.300609112
2,15,24,FF,ball,0,0,0,0,97.95136839,6.487044811
2,15,24,CH,swinging_strike,1,1,0,0,89.21736523,6.5648036
2,15,24,FF,ball,0,0,0,0,98.74558664,6.262099743
2,15,24,FF,foul,1,0,0,0,95.53481548,6.520931721
2,15,24,CH,field_out,1,0,1,0,87.83082462,6.559472084
2,1,25,CU,field_out,1,0,1,0,77.50308291,6.24929285
2,1,11,CU,strikeout,0,0,0,0,78.35479984,6.149640083
2,1,15,CU,strikeout,0,0,0,0,78.02103216,6.216861725
2,1,6,CU,blocked_ball,0,0,0,0,78.21580529,6.399150372
2,1,31,CU,called_strike,0,0,0,0,75.95752008,6.070091724
2,1,8,CU,field_out,1,0,1,0,78.2901844,6.815554619
2,1,15,CU,field_out,1,0,1,0,76.77930663,6.280747414
2,1,11,CU,called_strike,0,0,0,0,76.02445041,6.304573536
2,1,25,CU,called_strike,0,0,0,0,76.55194568,5.966190815
2,1,25,CU,called_strike,0,0,0,0,75.27797507,6.164478302
2,9,21,SL,ball,0,0,0,0,86.26858792,6.503287315
2,9,21,FF,called_strike,0,0,0,0,94.73044276,6.643708229
2,9,21,SL,called_strike,0,0,0,0,86.78973273,6.412183762
2,9,21,SL,foul,1,0,0,0,86.85159616,6.329573154
2,9,21,SL,ball,0,0,0,0,87.13205682,6.393908501
2,9,21,FF,foul,1,0,0,0,98.33560189,6.303882122
2,9,21,FF,ball,0,0,0,0,96.33082722,6.532511234
2,9,21,SL,foul,1,0,0,0,85.57476032,6.469531536
2,9,21,SL,foul,1,0,0,0,87.44753727,6.41535759
2,9,21,SL,strikeout,0,0,0,0,84.92300453,6.49172163
2,9,13,SL,called_strike,0,0,0,0,84.02586433,6.475828648
2,9,13,FF,ball,0,0,0,0,96.1480379,6.50997448
2,9,13,FF,foul,1,0,0,0,94.66933019,6.490139961
2,9,13,SL,strikeout,0,0,0,0,87.71127753,6.431294918
2,9,4,FF,ball,0,0,0,0,96.52810322,6.4014678
2,9,4,FF,ball,0,0,0,0,97.15089117,6.557087421
2,9,4,SL,foul,1,0,0,0,86.63593726,6.515165806
2,9,4,FF,single,1,0,1,1,94.54859689,6.497968674
2,9,26,SL,called_strike,0,0,0,0,87.34432391,6.322651386
2,9,26,SL,blocked_ball,0,0,0,0,88.42383643,6.518264771
2,9,26,SL,swinging_strike,1,1,0,0,88.99036104,6.426042557
2,9,26,FF,strikeout,0,0,0,0,97.79121721,6.372417927
2,6,16,FF,ball,0,0,0,0,96.61103982,5.872648716
2,6,16,SI,ball,0,0,0,0,98.02102515,5.745258808
2,6,16,SI,called_strike,0,0,0,0,96.95622193,5.903936386
2,6,16,KC,field_out,1,0,1,0,89.09822498,5.810578823
2,6,37,KC,called_strike,0,0,0,0,88.27540706,5.853359222
2,6,37,KC,called_strike,0,0,0,0,88.02790429,5.70142746
2,6,37,CH,field_out,1,0,1,0,88.51817944,6.028684139
2,6,31,SI,called_strike,0,0,0,0,98.53989533,6.114447594
2,6,31,KC,field_out,1,0,1,0,90.33543841,5.725901127
2,10,34,SL,ball,0,0,0,0,86.03860147,6.212864876
2,10,34,FF,field_out,1,0,1,0,94.70129864,6.316087723
2,10,18,SL,ball,0,0,0,0,85.91142791,6.272037506
2,10,18,SL,ball,0,0,0,0,86.38435226,6.304619312
2,10,18,FF,ball,0,0,0,0,94.71484418,6.241737366
2,10,18,FF,walk,0,0,0,0,94.82235304,6.399385452
2,10,1,SL,called_strike,0,0,0,0,88.11582639,6.366970062
2,10,1,FF,single,1,0,1,1,95.91240353,6.511235714
2,10,19,SL,swinging_strike,1,1,0,0,85.32509652,6.456556797
2,10,19,SL,single,1,0,1,1,86.61005772,6.396801949
2,10,24,SL,called_strike,0,0,0,0,87.29101003,6.367210865
2,10,24,SL,force_out,1,0,1,0,87.3707756,6.573475361
2,10,21,FF,ball,0,0,0,0,95.70327595,6.502616405
2,10,21,FF,ball,0,0,0,0,94.94288881,6.467971325
2,10,21,SL,called_strike,0,0,0,0,87.35218568,6.331279755
2,10,21,FF,ball,0,0,0,0,96.37453062,6.459876537
2,10,21,FF,field_out,1,0,1,0,96.89167096,6.479484081
2,17,32,FF,ball,0,0,0,0,94.02192739,6.39400959
2,17,32,FF,field_out,1,0,1,0,93.65610532,6.416700363
2,17,15,SL,field_out,1,0,1,0,85.84038294,6.320235252
2,17,5,FF,ball,0,0,0,0,95.04167283,6.413536549
2,17,5,SL,foul,1,0,0,0,87.58351378,6.255687237
2,17,5,SL,ball,0,0,0,0,88.53019729,6.130169392
2,17,5,FF,called_strike,0,0,0,0,92.91810148,6.520612717
2,17,5,FF,ball,0,0,0,0,95.90888721,6.212709904
2,17,5,FF,walk,0,0,0,0,94.61245435,6.449388981
2,17,6,FF,ball,0,0,0,0,96.7058303,6.390937805
2,17,6,SL,called_strike,0,0,0,0,85.53982974,6.241345406
2,17,6,FF,single,1,0,1,1,95.56333089,6.481230736
2,17,12,FF,ball,0,0,0,0,94.27386668,6.388899803
2,17,12,FF,called_strike,0,0,0,0,94.18410923,6.537715912
2,17,12,SL,field_error,0,0,0,0,86.87481753,6.448163509
2,3,10,FC,called_strike,0,0,0,0,92.51773838,7.07723856
2,3,10,SL,swinging_strike,1,1,0,0,83.36676093,7.128312588
2,3,10,SL,blocked_ball,0,0,0,0,86.90357472,7.158542633
2,3,10,SL,blocked_ball,0,0,0,0,84.60295658,7.098805428
2,3,10,FC,ball,0,0,0,0,94.2586215,7.13488245
2,3,10,FC,strikeout,0,0,0,0,95.73214895,7.243216038
